Workbook

Sheet 대시보드_및_설정
B1: 올인원 노후 준비 ETF 복리 및 은퇴 시뮬레이터
B2: 하늘색 셀만 바꾸면 3개 시트가 모두 다시 계산됩니다. 회색 셀은 자동 계산이며 금액 단위는 원(₩)입니다.
B4: ① 기본 투자 설정 | E4: ③ 포트폴리오 4대 ETF 설정
B5: 초기 거치금 (원) | C5: 0 | E5: 종목 | F5: 투자 비중 | G5: 주가 CAGR (배당 제외) | H5: 현재 시가배당률 | I5: 배당 성장률
B6: 월 총 적립 투자금 (만원) | C6: 200 | E6: QQQ | F6: 0.3 | G6: 0.09 | H6: 0.006 | I6: 0.08
B7: 월 총 적립 투자금 (원, 자동 변환) | C7: =C6*10000 | E7: VOO | F7: 0.3 | G7: 0.075 | H7: 0.013 | I7: 0.06
B8: 매년 월 투자금 증액률 | C8: 0.03 | E8: SCHD | F8: 0.3 | G8: 0.06 | H8: 0.036 | I8: 0.08
B9: 배당금 재투자 비율 (0~100%) | C9: 1 | E9: QLD | F9: 0.1 | G9: 0.11 | H9: 0.001 | I9: 0
B10: 배당소득세율 | C10: 0.154 | E10: 합계 / 가중평균 | F10: =SUM(F6:F9) | G10: =SUMPRODUCT($F$6:$F$9,G6:G9) | H10: =SUMPRODUCT($F$6:$F$9,H6:H9) | I10: =SUMPRODUCT($F$6:$F$9,I6:I9)
B11: 현재 나이 (만 나이) | C11: 35 | E11: 비중 합계 검사 | F11: =IF(ROUND(F10,4)=1,"✅ 합계 100% 정상","⚠️ 합계 "&TEXT(F10,"0.0%")&" → 100%로 맞춰 주세요")
E12: ※ 주가 CAGR은 배당을 뺀 가격 상승률입니다. 기본값은 장기 보수적 가정이며 QLD는 변동성 손실을 반영했습니다.
B13: ② 은퇴 및 인출 설정
B14: 은퇴 목표 시점 (투자 시작 후 N년 뒤) | C14: 25
B15: 은퇴 후 희망 월 지출액 (현재 가치, 원) | C15: 4000000
B16: 물가상승률 (인플레이션) | C16: 0.025
B17: 은퇴 후 주가성장률 할인폭 (%p) | C17: 0.025
B18: 해외주식 양도소득세율 | C18: 0.22
B19: 양도세 연간 기본공제 (원) | C19: 2500000
B20: 은퇴 시점 나이 (자동) | C20: =C11+C14
B21: 은퇴 첫해 월 지출액 (물가 반영, 자동) | C21: =C15*(1+C16)^C14
B23: ④ 핵심 결과 요약
B24: 은퇴 시점 평가 자산 (명목) | C24: =INDEX('연차별_자산성장_시뮬레이션'!$AT$6:$AT$55,$C$14)
B25: 은퇴 시점 자산 (현재 가치 환산) | C25: =C24/(1+C16)^C14
B26: 은퇴 직전 해 연간 세후 배당금 | C26: =INDEX('연차별_자산성장_시뮬레이션'!$AO$6:$AO$55,$C$14)
B27: 은퇴 첫해 연간 생활비 (물가 반영) | C27: =C21*12
B28: 은퇴 첫해 배당으로 생활비를 메우는 비율 | C28: =IFERROR('은퇴후_현금흐름_및_고갈시점'!L13/'은퇴후_현금흐름_및_고갈시점'!G13,0)
B29: 자산 고갈 예상 시점 | C29: ='은퇴후_현금흐름_및_고갈시점'!C3
B30: 자본 잠식 여부 | C30: ='은퇴후_현금흐름_및_고갈시점'!C4
B32: ⑤ 단기·중기·장기 마일스톤 요약 (적립을 50년간 계속하는 경우 + 은퇴 후 실제 잔액)
B33: 구분 | C33: 경과 연수 | D33: 나이 | E33: 누적 원금 | F33: 평가 자산 총액 | G33: 연간 세후 배당금 | H33: 월평균 배당 현금흐름 | I33: 총 수익률 | J33: 은퇴 후 실제 잔액 (Sheet3) | K33: 실제 잔액 (현재 가치)
B34: 단기 | C34: 1 | D34: =$C$11+C34 | E34: =INDEX('연차별_자산성장_시뮬레이션'!$E$6:$E$55,MATCH($C34,'연차별_자산성장_시뮬레이션'!$A$6:$A$55,0)) | F34: =INDEX('연차별_자산성장_시뮬레이션'!$AT$6:$AT$55,MATCH($C34,'연차별_자산성장_시뮬레이션'!$A$6:$A$55,0)) | G34: =INDEX('연차별_자산성장_시뮬레이션'!$AO$6:$AO$55,MATCH($C34,'연차별_자산성장_시뮬레이션'!$A$6:$A$55,0)) | H34: =INDEX('연차별_자산성장_시뮬레이션'!$AU$6:$AU$55,MATCH($C34,'연차별_자산성장_시뮬레이션'!$A$6:$A$55,0)) | I34: =INDEX('연차별_자산성장_시뮬레이션'!$AV$6:$AV$55,MATCH($C34,'연차별_자산성장_시뮬레이션'!$A$6:$A$55,0)) | J34: =IF(C34<=$C$14,F34,INDEX('은퇴후_현금흐름_및_고갈시점'!$P$13:$P$72,C34-$C$14)) | K34: =J34/(1+$C$16)^C34
C35: 3 | D35: =$C$11+C35 | E35: =INDEX('연차별_자산성장_시뮬레이션'!$E$6:$E$55,MATCH($C35,'연차별_자산성장_시뮬레이션'!$A$6:$A$55,0)) | F35: =INDEX('연차별_자산성장_시뮬레이션'!$AT$6:$AT$55,MATCH($C35,'연차별_자산성장_시뮬레이션'!$A$6:$A$55,0)) | G35: =INDEX('연차별_자산성장_시뮬레이션'!$AO$6:$AO$55,MATCH($C35,'연차별_자산성장_시뮬레이션'!$A$6:$A$55,0)) | H35: =INDEX('연차별_자산성장_시뮬레이션'!$AU$6:$AU$55,MATCH($C35,'연차별_자산성장_시뮬레이션'!$A$6:$A$55,0)) | I35: =INDEX('연차별_자산성장_시뮬레이션'!$AV$6:$AV$55,MATCH($C35,'연차별_자산성장_시뮬레이션'!$A$6:$A$55,0)) | J35: =IF(C35<=$C$14,F35,INDEX('은퇴후_현금흐름_및_고갈시점'!$P$13:$P$72,C35-$C$14)) | K35: =J35/(1+$C$16)^C35
C36: 5 | D36: =$C$11+C36 | E36: =INDEX('연차별_자산성장_시뮬레이션'!$E$6:$E$55,MATCH($C36,'연차별_자산성장_시뮬레이션'!$A$6:$A$55,0)) | F36: =INDEX('연차별_자산성장_시뮬레이션'!$AT$6:$AT$55,MATCH($C36,'연차별_자산성장_시뮬레이션'!$A$6:$A$55,0)) | G36: =INDEX('연차별_자산성장_시뮬레이션'!$AO$6:$AO$55,MATCH($C36,'연차별_자산성장_시뮬레이션'!$A$6:$A$55,0)) | H36: =INDEX('연차별_자산성장_시뮬레이션'!$AU$6:$AU$55,MATCH($C36,'연차별_자산성장_시뮬레이션'!$A$6:$A$55,0)) | I36: =INDEX('연차별_자산성장_시뮬레이션'!$AV$6:$AV$55,MATCH($C36,'연차별_자산성장_시뮬레이션'!$A$6:$A$55,0)) | J36: =IF(C36<=$C$14,F36,INDEX('은퇴후_현금흐름_및_고갈시점'!$P$13:$P$72,C36-$C$14)) | K36: =J36/(1+$C$16)^C36
B37: 중기 | C37: 10 | D37: =$C$11+C37 | E37: =INDEX('연차별_자산성장_시뮬레이션'!$E$6:$E$55,MATCH($C37,'연차별_자산성장_시뮬레이션'!$A$6:$A$55,0)) | F37: =INDEX('연차별_자산성장_시뮬레이션'!$AT$6:$AT$55,MATCH($C37,'연차별_자산성장_시뮬레이션'!$A$6:$A$55,0)) | G37: =INDEX('연차별_자산성장_시뮬레이션'!$AO$6:$AO$55,MATCH($C37,'연차별_자산성장_시뮬레이션'!$A$6:$A$55,0)) | H37: =INDEX('연차별_자산성장_시뮬레이션'!$AU$6:$AU$55,MATCH($C37,'연차별_자산성장_시뮬레이션'!$A$6:$A$55,0)) | I37: =INDEX('연차별_자산성장_시뮬레이션'!$AV$6:$AV$55,MATCH($C37,'연차별_자산성장_시뮬레이션'!$A$6:$A$55,0)) | J37: =IF(C37<=$C$14,F37,INDEX('은퇴후_현금흐름_및_고갈시점'!$P$13:$P$72,C37-$C$14)) | K37: =J37/(1+$C$16)^C37
C38: 15 | D38: =$C$11+C38 | E38: =INDEX('연차별_자산성장_시뮬레이션'!$E$6:$E$55,MATCH($C38,'연차별_자산성장_시뮬레이션'!$A$6:$A$55,0)) | F38: =INDEX('연차별_자산성장_시뮬레이션'!$AT$6:$AT$55,MATCH($C38,'연차별_자산성장_시뮬레이션'!$A$6:$A$55,0)) | G38: =INDEX('연차별_자산성장_시뮬레이션'!$AO$6:$AO$55,MATCH($C38,'연차별_자산성장_시뮬레이션'!$A$6:$A$55,0)) | H38: =INDEX('연차별_자산성장_시뮬레이션'!$AU$6:$AU$55,MATCH($C38,'연차별_자산성장_시뮬레이션'!$A$6:$A$55,0)) | I38: =INDEX('연차별_자산성장_시뮬레이션'!$AV$6:$AV$55,MATCH($C38,'연차별_자산성장_시뮬레이션'!$A$6:$A$55,0)) | J38: =IF(C38<=$C$14,F38,INDEX('은퇴후_현금흐름_및_고갈시점'!$P$13:$P$72,C38-$C$14)) | K38: =J38/(1+$C$16)^C38
C39: 20 | D39: =$C$11+C39 | E39: =INDEX('연차별_자산성장_시뮬레이션'!$E$6:$E$55,MATCH($C39,'연차별_자산성장_시뮬레이션'!$A$6:$A$55,0)) | F39: =INDEX('연차별_자산성장_시뮬레이션'!$AT$6:$AT$55,MATCH($C39,'연차별_자산성장_시뮬레이션'!$A$6:$A$55,0)) | G39: =INDEX('연차별_자산성장_시뮬레이션'!$AO$6:$AO$55,MATCH($C39,'연차별_자산성장_시뮬레이션'!$A$6:$A$55,0)) | H39: =INDEX('연차별_자산성장_시뮬레이션'!$AU$6:$AU$55,MATCH($C39,'연차별_자산성장_시뮬레이션'!$A$6:$A$55,0)) | I39: =INDEX('연차별_자산성장_시뮬레이션'!$AV$6:$AV$55,MATCH($C39,'연차별_자산성장_시뮬레이션'!$A$6:$A$55,0)) | J39: =IF(C39<=$C$14,F39,INDEX('은퇴후_현금흐름_및_고갈시점'!$P$13:$P$72,C39-$C$14)) | K39: =J39/(1+$C$16)^C39
B40: 장기 | C40: 30 | D40: =$C$11+C40 | E40: =INDEX('연차별_자산성장_시뮬레이션'!$E$6:$E$55,MATCH($C40,'연차별_자산성장_시뮬레이션'!$A$6:$A$55,0)) | F40: =INDEX('연차별_자산성장_시뮬레이션'!$AT$6:$AT$55,MATCH($C40,'연차별_자산성장_시뮬레이션'!$A$6:$A$55,0)) | G40: =INDEX('연차별_자산성장_시뮬레이션'!$AO$6:$AO$55,MATCH($C40,'연차별_자산성장_시뮬레이션'!$A$6:$A$55,0)) | H40: =INDEX('연차별_자산성장_시뮬레이션'!$AU$6:$AU$55,MATCH($C40,'연차별_자산성장_시뮬레이션'!$A$6:$A$55,0)) | I40: =INDEX('연차별_자산성장_시뮬레이션'!$AV$6:$AV$55,MATCH($C40,'연차별_자산성장_시뮬레이션'!$A$6:$A$55,0)) | J40: =IF(C40<=$C$14,F40,INDEX('은퇴후_현금흐름_및_고갈시점'!$P$13:$P$72,C40-$C$14)) | K40: =J40/(1+$C$16)^C40
C41: 40 | D41: =$C$11+C41 | E41: =INDEX('연차별_자산성장_시뮬레이션'!$E$6:$E$55,MATCH($C41,'연차별_자산성장_시뮬레이션'!$A$6:$A$55,0)) | F41: =INDEX('연차별_자산성장_시뮬레이션'!$AT$6:$AT$55,MATCH($C41,'연차별_자산성장_시뮬레이션'!$A$6:$A$55,0)) | G41: =INDEX('연차별_자산성장_시뮬레이션'!$AO$6:$AO$55,MATCH($C41,'연차별_자산성장_시뮬레이션'!$A$6:$A$55,0)) | H41: =INDEX('연차별_자산성장_시뮬레이션'!$AU$6:$AU$55,MATCH($C41,'연차별_자산성장_시뮬레이션'!$A$6:$A$55,0)) | I41: =INDEX('연차별_자산성장_시뮬레이션'!$AV$6:$AV$55,MATCH($C41,'연차별_자산성장_시뮬레이션'!$A$6:$A$55,0)) | J41: =IF(C41<=$C$14,F41,INDEX('은퇴후_현금흐름_및_고갈시점'!$P$13:$P$72,C41-$C$14)) | K41: =J41/(1+$C$16)^C41
C42: 50 | D42: =$C$11+C42 | E42: =INDEX('연차별_자산성장_시뮬레이션'!$E$6:$E$55,MATCH($C42,'연차별_자산성장_시뮬레이션'!$A$6:$A$55,0)) | F42: =INDEX('연차별_자산성장_시뮬레이션'!$AT$6:$AT$55,MATCH($C42,'연차별_자산성장_시뮬레이션'!$A$6:$A$55,0)) | G42: =INDEX('연차별_자산성장_시뮬레이션'!$AO$6:$AO$55,MATCH($C42,'연차별_자산성장_시뮬레이션'!$A$6:$A$55,0)) | H42: =INDEX('연차별_자산성장_시뮬레이션'!$AU$6:$AU$55,MATCH($C42,'연차별_자산성장_시뮬레이션'!$A$6:$A$55,0)) | I42: =INDEX('연차별_자산성장_시뮬레이션'!$AV$6:$AV$55,MATCH($C42,'연차별_자산성장_시뮬레이션'!$A$6:$A$55,0)) | J42: =IF(C42<=$C$14,F42,INDEX('은퇴후_현금흐름_및_고갈시점'!$P$13:$P$72,C42-$C$14)) | K42: =J42/(1+$C$16)^C42
B43: ※ 누적 원금~총 수익률은 은퇴하지 않고 50년 동안 계속 적립한다고 가정한 값입니다(Sheet2). 노란 칸은 은퇴 이후 생활비를 빼고 남은 실제 잔액입니다(Sheet3). 총 수익률 = (평가 자산 + 누적 현금 수령 배당) ÷ 누적 원금 − 1

Sheet 연차별_자산성장_시뮬레이션
A1: 연차별 자산 성장 시뮬레이션 (1~50년 차, 은퇴 없이 계속 적립하는 경우)
A2: 매달 초에 납입하고, 신규 납입금의 연말 가치는 FV(월 수익률, 12, 월 납입액, 0, 1)로 계산합니다. 연차별 배당률 = 현재 배당률 × ((1+배당 성장률)/(1+주가 CAGR))^(연차−1). 신규 납입금 배당은 평균 보유 6.5개월을 반영해 13/24만 계산합니다. 노란 행 = 은퇴 연차
A4: 연차 | B4: 나이(연말) | C4: 월 투자금 | D4: 연간 신규 납입금 | E4: 누적 원금 | F4: QQQ | N4: VOO | V4: SCHD | AD4: QLD | AL4: 포트폴리오 합계
F5: 기초 자산 | G5: 신규 납입금 | H5: 연차별 배당률 | I5: 주가 상승분 | J5: 세후 배당금 | K5: 배당 재투자금 | L5: 현금 수령 배당 | M5: 기말 자산 | N5: 기초 자산 | O5: 신규 납입금 | P5: 연차별 배당률 | Q5: 주가 상승분 | R5: 세후 배당금 | S5: 배당 재투자금 | T5: 현금 수령 배당 | U5: 기말 자산 | V5: 기초 자산 | W5: 신규 납입금 | X5: 연차별 배당률 | Y5: 주가 상승분 | Z5: 세후 배당금 | AA5: 배당 재투자금 | AB5: 현금 수령 배당 | AC5: 기말 자산 | AD5: 기초 자산 | AE5: 신규 납입금 | AF5: 연차별 배당률 | AG5: 주가 상승분 | AH5: 세후 배당금 | AI5: 배당 재투자금 | AJ5: 현금 수령 배당 | AK5: 기말 자산 | AL5: 총 기초 자산 | AM5: 총 신규 납입금 | AN5: 총 주가 상승분 | AO5: 총 세후 배당금 | AP5: 총 배당 재투자 | AQ5: 총 현금 수령 배당 | AR5: 누적 배당 재투자 | AS5: 누적 현금 수령 배당 | AT5: 기말 총자산 | AU5: 월평균 배당 현금흐름 | AV5: 총 수익률
A6: 1 | B6: ='대시보드_및_설정'!$C$11+A6 | C6: ='대시보드_및_설정'!$C$7*(1+'대시보드_및_설정'!$C$8)^(A6-1) | D6: =C6*12 | E6: ='대시보드_및_설정'!$C$5+D6 | F6: ='대시보드_및_설정'!$C$5*'대시보드_및_설정'!$F$6 | G6: =$D6*'대시보드_및_설정'!$F$6 | H6: ='대시보드_및_설정'!$H$6*((1+'대시보드_및_설정'!$I$6)/(1+'대시보드_및_설정'!$G$6))^($A6-1) | I6: =F6*'대시보드_및_설정'!$G$6+(FV((1+'대시보드_및_설정'!$G$6)^(1/12)-1,12,-$C6*'대시보드_및_설정'!$F$6,0,1)-G6) | J6: =(F6*H6+G6*H6*13/24)*(1-'대시보드_및_설정'!$C$10) | K6: =J6*'대시보드_및_설정'!$C$9 | L6: =J6-K6 | M6: =F6+G6+I6+K6 | N6: ='대시보드_및_설정'!$C$5*'대시보드_및_설정'!$F$7 | O6: =$D6*'대시보드_및_설정'!$F$7 | P6: ='대시보드_및_설정'!$H$7*((1+'대시보드_및_설정'!$I$7)/(1+'대시보드_및_설정'!$G$7))^($A6-1) | Q6: =N6*'대시보드_및_설정'!$G$7+(FV((1+'대시보드_및_설정'!$G$7)^(1/12)-1,12,-$C6*'대시보드_및_설정'!$F$7,0,1)-O6) | R6: =(N6*P6+O6*P6*13/24)*(1-'대시보드_및_설정'!$C$10) | S6: =R6*'대시보드_및_설정'!$C$9 | T6: =R6-S6 | U6: =N6+O6+Q6+S6 | V6: ='대시보드_및_설정'!$C$5*'대시보드_및_설정'!$F$8 | W6: =$D6*'대시보드_및_설정'!$F$8 | X6: ='대시보드_및_설정'!$H$8*((1+'대시보드_및_설정'!$I$8)/(1+'대시보드_및_설정'!$G$8))^($A6-1) | Y6: =V6*'대시보드_및_설정'!$G$8+(FV((1+'대시보드_및_설정'!$G$8)^(1/12)-1,12,-$C6*'대시보드_및_설정'!$F$8,0,1)-W6) | Z6: =(V6*X6+W6*X6*13/24)*(1-'대시보드_및_설정'!$C$10) | AA6: =Z6*'대시보드_및_설정'!$C$9 | AB6: =Z6-AA6 | AC6: =V6+W6+Y6+AA6 | AD6: ='대시보드_및_설정'!$C$5*'대시보드_및_설정'!$F$9 | AE6: =$D6*'대시보드_및_설정'!$F$9 | AF6: ='대시보드_및_설정'!$H$9*((1+'대시보드_및_설정'!$I$9)/(1+'대시보드_및_설정'!$G$9))^($A6-1) | AG6: =AD6*'대시보드_및_설정'!$G$9+(FV((1+'대시보드_및_설정'!$G$9)^(1/12)-1,12,-$C6*'대시보드_및_설정'!$F$9,0,1)-AE6) | AH6: =(AD6*AF6+AE6*AF6*13/24)*(1-'대시보드_및_설정'!$C$10) | AI6: =AH6*'대시보드_및_설정'!$C$9 | AJ6: =AH6-AI6 | AK6: =AD6+AE6+AG6+AI6 | AL6: =F6+N6+V6+AD6 | AM6: =G6+O6+W6+AE6 | AN6: =I6+Q6+Y6+AG6 | AO6: =J6+R6+Z6+AH6 | AP6: =K6+S6+AA6+AI6 | AQ6: =L6+T6+AB6+AJ6 | AR6: =AP6 | AS6: =AQ6 | AT6: =M6+U6+AC6+AK6 | AU6: =AO6/12 | AV6: =IFERROR((AT6+AS6)/E6-1,0)
A7: 2 | B7: ='대시보드_및_설정'!$C$11+A7 | C7: ='대시보드_및_설정'!$C$7*(1+'대시보드_및_설정'!$C$8)^(A7-1) | D7: =C7*12 | E7: =E6+D7 | F7: =M6 | G7: =$D7*'대시보드_및_설정'!$F$6 | H7: ='대시보드_및_설정'!$H$6*((1+'대시보드_및_설정'!$I$6)/(1+'대시보드_및_설정'!$G$6))^($A7-1) | I7: =F7*'대시보드_및_설정'!$G$6+(FV((1+'대시보드_및_설정'!$G$6)^(1/12)-1,12,-$C7*'대시보드_및_설정'!$F$6,0,1)-G7) | J7: =(F7*H7+G7*H7*13/24)*(1-'대시보드_및_설정'!$C$10) | K7: =J7*'대시보드_및_설정'!$C$9 | L7: =J7-K7 | M7: =F7+G7+I7+K7 | N7: =U6 | O7: =$D7*'대시보드_및_설정'!$F$7 | P7: ='대시보드_및_설정'!$H$7*((1+'대시보드_및_설정'!$I$7)/(1+'대시보드_및_설정'!$G$7))^($A7-1) | Q7: =N7*'대시보드_및_설정'!$G$7+(FV((1+'대시보드_및_설정'!$G$7)^(1/12)-1,12,-$C7*'대시보드_및_설정'!$F$7,0,1)-O7) | R7: =(N7*P7+O7*P7*13/24)*(1-'대시보드_및_설정'!$C$10) | S7: =R7*'대시보드_및_설정'!$C$9 | T7: =R7-S7 | U7: =N7+O7+Q7+S7 | V7: =AC6 | W7: =$D7*'대시보드_및_설정'!$F$8 | X7: ='대시보드_및_설정'!$H$8*((1+'대시보드_및_설정'!$I$8)/(1+'대시보드_및_설정'!$G$8))^($A7-1) | Y7: =V7*'대시보드_및_설정'!$G$8+(FV((1+'대시보드_및_설정'!$G$8)^(1/12)-1,12,-$C7*'대시보드_및_설정'!$F$8,0,1)-W7) | Z7: =(V7*X7+W7*X7*13/24)*(1-'대시보드_및_설정'!$C$10) | AA7: =Z7*'대시보드_및_설정'!$C$9 | AB7: =Z7-AA7 | AC7: =V7+W7+Y7+AA7 | AD7: =AK6 | AE7: =$D7*'대시보드_및_설정'!$F$9 | AF7: ='대시보드_및_설정'!$H$9*((1+'대시보드_및_설정'!$I$9)/(1+'대시보드_및_설정'!$G$9))^($A7-1) | AG7: =AD7*'대시보드_및_설정'!$G$9+(FV((1+'대시보드_및_설정'!$G$9)^(1/12)-1,12,-$C7*'대시보드_및_설정'!$F$9,0,1)-AE7) | AH7: =(AD7*AF7+AE7*AF7*13/24)*(1-'대시보드_및_설정'!$C$10) | AI7: =AH7*'대시보드_및_설정'!$C$9 | AJ7: =AH7-AI7 | AK7: =AD7+AE7+AG7+AI7 | AL7: =F7+N7+V7+AD7 | AM7: =G7+O7+W7+AE7 | AN7: =I7+Q7+Y7+AG7 | AO7: =J7+R7+Z7+AH7 | AP7: =K7+S7+AA7+AI7 | AQ7: =L7+T7+AB7+AJ7 | AR7: =AR6+AP7 | AS7: =AS6+AQ7 | AT7: =M7+U7+AC7+AK7 | AU7: =AO7/12 | AV7: =IFERROR((AT7+AS7)/E7-1,0)
A8: 3 | B8: ='대시보드_및_설정'!$C$11+A8 | C8: ='대시보드_및_설정'!$C$7*(1+'대시보드_및_설정'!$C$8)^(A8-1) | D8: =C8*12 | E8: =E7+D8 | F8: =M7 | G8: =$D8*'대시보드_및_설정'!$F$6 | H8: ='대시보드_및_설정'!$H$6*((1+'대시보드_및_설정'!$I$6)/(1+'대시보드_및_설정'!$G$6))^($A8-1) | I8: =F8*'대시보드_및_설정'!$G$6+(FV((1+'대시보드_및_설정'!$G$6)^(1/12)-1,12,-$C8*'대시보드_및_설정'!$F$6,0,1)-G8) | J8: =(F8*H8+G8*H8*13/24)*(1-'대시보드_및_설정'!$C$10) | K8: =J8*'대시보드_및_설정'!$C$9 | L8: =J8-K8 | M8: =F8+G8+I8+K8 | N8: =U7 | O8: =$D8*'대시보드_및_설정'!$F$7 | P8: ='대시보드_및_설정'!$H$7*((1+'대시보드_및_설정'!$I$7)/(1+'대시보드_및_설정'!$G$7))^($A8-1) | Q8: =N8*'대시보드_및_설정'!$G$7+(FV((1+'대시보드_및_설정'!$G$7)^(1/12)-1,12,-$C8*'대시보드_및_설정'!$F$7,0,1)-O8) | R8: =(N8*P8+O8*P8*13/24)*(1-'대시보드_및_설정'!$C$10) | S8: =R8*'대시보드_및_설정'!$C$9 | T8: =R8-S8 | U8: =N8+O8+Q8+S8 | V8: =AC7 | W8: =$D8*'대시보드_및_설정'!$F$8 | X8: ='대시보드_및_설정'!$H$8*((1+'대시보드_및_설정'!$I$8)/(1+'대시보드_및_설정'!$G$8))^($A8-1) | Y8: =V8*'대시보드_및_설정'!$G$8+(FV((1+'대시보드_및_설정'!$G$8)^(1/12)-1,12,-$C8*'대시보드_및_설정'!$F$8,0,1)-W8) | Z8: =(V8*X8+W8*X8*13/24)*(1-'대시보드_및_설정'!$C$10) | AA8: =Z8*'대시보드_및_설정'!$C$9 | AB8: =Z8-AA8 | AC8: =V8+W8+Y8+AA8 | AD8: =AK7 | AE8: =$D8*'대시보드_및_설정'!$F$9 | AF8: ='대시보드_및_설정'!$H$9*((1+'대시보드_및_설정'!$I$9)/(1+'대시보드_및_설정'!$G$9))^($A8-1) | AG8: =AD8*'대시보드_및_설정'!$G$9+(FV((1+'대시보드_및_설정'!$G$9)^(1/12)-1,12,-$C8*'대시보드_및_설정'!$F$9,0,1)-AE8) | AH8: =(AD8*AF8+AE8*AF8*13/24)*(1-'대시보드_및_설정'!$C$10) | AI8: =AH8*'대시보드_및_설정'!$C$9 | AJ8: =AH8-AI8 | AK8: =AD8+AE8+AG8+AI8 | AL8: =F8+N8+V8+AD8 | AM8: =G8+O8+W8+AE8 | AN8: =I8+Q8+Y8+AG8 | AO8: =J8+R8+Z8+AH8 | AP8: =K8+S8+AA8+AI8 | AQ8: =L8+T8+AB8+AJ8 | AR8: =AR7+AP8 | AS8: =AS7+AQ8 | AT8: =M8+U8+AC8+AK8 | AU8: =AO8/12 | AV8: =IFERROR((AT8+AS8)/E8-1,0)
A9: 4 | B9: ='대시보드_및_설정'!$C$11+A9 | C9: ='대시보드_및_설정'!$C$7*(1+'대시보드_및_설정'!$C$8)^(A9-1) | D9: =C9*12 | E9: =E8+D9 | F9: =M8 | G9: =$D9*'대시보드_및_설정'!$F$6 | H9: ='대시보드_및_설정'!$H$6*((1+'대시보드_및_설정'!$I$6)/(1+'대시보드_및_설정'!$G$6))^($A9-1) | I9: =F9*'대시보드_및_설정'!$G$6+(FV((1+'대시보드_및_설정'!$G$6)^(1/12)-1,12,-$C9*'대시보드_및_설정'!$F$6,0,1)-G9) | J9: =(F9*H9+G9*H9*13/24)*(1-'대시보드_및_설정'!$C$10) | K9: =J9*'대시보드_및_설정'!$C$9 | L9: =J9-K9 | M9: =F9+G9+I9+K9 | N9: =U8 | O9: =$D9*'대시보드_및_설정'!$F$7 | P9: ='대시보드_및_설정'!$H$7*((1+'대시보드_및_설정'!$I$7)/(1+'대시보드_및_설정'!$G$7))^($A9-1) | Q9: =N9*'대시보드_및_설정'!$G$7+(FV((1+'대시보드_및_설정'!$G$7)^(1/12)-1,12,-$C9*'대시보드_및_설정'!$F$7,0,1)-O9) | R9: =(N9*P9+O9*P9*13/24)*(1-'대시보드_및_설정'!$C$10) | S9: =R9*'대시보드_및_설정'!$C$9 | T9: =R9-S9 | U9: =N9+O9+Q9+S9 | V9: =AC8 | W9: =$D9*'대시보드_및_설정'!$F$8 | X9: ='대시보드_및_설정'!$H$8*((1+'대시보드_및_설정'!$I$8)/(1+'대시보드_및_설정'!$G$8))^($A9-1) | Y9: =V9*'대시보드_및_설정'!$G$8+(FV((1+'대시보드_및_설정'!$G$8)^(1/12)-1,12,-$C9*'대시보드_및_설정'!$F$8,0,1)-W9) | Z9: =(V9*X9+W9*X9*13/24)*(1-'대시보드_및_설정'!$C$10) | AA9: =Z9*'대시보드_및_설정'!$C$9 | AB9: =Z9-AA9 | AC9: =V9+W9+Y9+AA9 | AD9: =AK8 | AE9: =$D9*'대시보드_및_설정'!$F$9 | AF9: ='대시보드_및_설정'!$H$9*((1+'대시보드_및_설정'!$I$9)/(1+'대시보드_및_설정'!$G$9))^($A9-1) | AG9: =AD9*'대시보드_및_설정'!$G$9+(FV((1+'대시보드_및_설정'!$G$9)^(1/12)-1,12,-$C9*'대시보드_및_설정'!$F$9,0,1)-AE9) | AH9: =(AD9*AF9+AE9*AF9*13/24)*(1-'대시보드_및_설정'!$C$10) | AI9: =AH9*'대시보드_및_설정'!$C$9 | AJ9: =AH9-AI9 | AK9: =AD9+AE9+AG9+AI9 | AL9: =F9+N9+V9+AD9 | AM9: =G9+O9+W9+AE9 | AN9: =I9+Q9+Y9+AG9 | AO9: =J9+R9+Z9+AH9 | AP9: =K9+S9+AA9+AI9 | AQ9: =L9+T9+AB9+AJ9 | AR9: =AR8+AP9 | AS9: =AS8+AQ9 | AT9: =M9+U9+AC9+AK9 | AU9: =AO9/12 | AV9: =IFERROR((AT9+AS9)/E9-1,0)
A10: 5 | B10: ='대시보드_및_설정'!$C$11+A10 | C10: ='대시보드_및_설정'!$C$7*(1+'대시보드_및_설정'!$C$8)^(A10-1) | D10: =C10*12 | E10: =E9+D10 | F10: =M9 | G10: =$D10*'대시보드_및_설정'!$F$6 | H10: ='대시보드_및_설정'!$H$6*((1+'대시보드_및_설정'!$I$6)/(1+'대시보드_및_설정'!$G$6))^($A10-1) | I10: =F10*'대시보드_및_설정'!$G$6+(FV((1+'대시보드_및_설정'!$G$6)^(1/12)-1,12,-$C10*'대시보드_및_설정'!$F$6,0,1)-G10) | J10: =(F10*H10+G10*H10*13/24)*(1-'대시보드_및_설정'!$C$10) | K10: =J10*'대시보드_및_설정'!$C$9 | L10: =J10-K10 | M10: =F10+G10+I10+K10 | N10: =U9 | O10: =$D10*'대시보드_및_설정'!$F$7 | P10: ='대시보드_및_설정'!$H$7*((1+'대시보드_및_설정'!$I$7)/(1+'대시보드_및_설정'!$G$7))^($A10-1) | Q10: =N10*'대시보드_및_설정'!$G$7+(FV((1+'대시보드_및_설정'!$G$7)^(1/12)-1,12,-$C10*'대시보드_및_설정'!$F$7,0,1)-O10) | R10: =(N10*P10+O10*P10*13/24)*(1-'대시보드_및_설정'!$C$10) | S10: =R10*'대시보드_및_설정'!$C$9 | T10: =R10-S10 | U10: =N10+O10+Q10+S10 | V10: =AC9 | W10: =$D10*'대시보드_및_설정'!$F$8 | X10: ='대시보드_및_설정'!$H$8*((1+'대시보드_및_설정'!$I$8)/(1+'대시보드_및_설정'!$G$8))^($A10-1) | Y10: =V10*'대시보드_및_설정'!$G$8+(FV((1+'대시보드_및_설정'!$G$8)^(1/12)-1,12,-$C10*'대시보드_및_설정'!$F$8,0,1)-W10) | Z10: =(V10*X10+W10*X10*13/24)*(1-'대시보드_및_설정'!$C$10) | AA10: =Z10*'대시보드_및_설정'!$C$9 | AB10: =Z10-AA10 | AC10: =V10+W10+Y10+AA10 | AD10: =AK9 | AE10: =$D10*'대시보드_및_설정'!$F$9 | AF10: ='대시보드_및_설정'!$H$9*((1+'대시보드_및_설정'!$I$9)/(1+'대시보드_및_설정'!$G$9))^($A10-1) | AG10: =AD10*'대시보드_및_설정'!$G$9+(FV((1+'대시보드_및_설정'!$G$9)^(1/12)-1,12,-$C10*'대시보드_및_설정'!$F$9,0,1)-AE10) | AH10: =(AD10*AF10+AE10*AF10*13/24)*(1-'대시보드_및_설정'!$C$10) | AI10: =AH10*'대시보드_및_설정'!$C$9 | AJ10: =AH10-AI10 | AK10: =AD10+AE10+AG10+AI10 | AL10: =F10+N10+V10+AD10 | AM10: =G10+O10+W10+AE10 | AN10: =I10+Q10+Y10+AG10 | AO10: =J10+R10+Z10+AH10 | AP10: =K10+S10+AA10+AI10 | AQ10: =L10+T10+AB10+AJ10 | AR10: =AR9+AP10 | AS10: =AS9+AQ10 | AT10: =M10+U10+AC10+AK10 | AU10: =AO10/12 | AV10: =IFERROR((AT10+AS10)/E10-1,0)
A11: 6 | B11: ='대시보드_및_설정'!$C$11+A11 | C11: ='대시보드_및_설정'!$C$7*(1+'대시보드_및_설정'!$C$8)^(A11-1) | D11: =C11*12 | E11: =E10+D11 | F11: =M10 | G11: =$D11*'대시보드_및_설정'!$F$6 | H11: ='대시보드_및_설정'!$H$6*((1+'대시보드_및_설정'!$I$6)/(1+'대시보드_및_설정'!$G$6))^($A11-1) | I11: =F11*'대시보드_및_설정'!$G$6+(FV((1+'대시보드_및_설정'!$G$6)^(1/12)-1,12,-$C11*'대시보드_및_설정'!$F$6,0,1)-G11) | J11: =(F11*H11+G11*H11*13/24)*(1-'대시보드_및_설정'!$C$10) | K11: =J11*'대시보드_및_설정'!$C$9 | L11: =J11-K11 | M11: =F11+G11+I11+K11 | N11: =U10 | O11: =$D11*'대시보드_및_설정'!$F$7 | P11: ='대시보드_및_설정'!$H$7*((1+'대시보드_및_설정'!$I$7)/(1+'대시보드_및_설정'!$G$7))^($A11-1) | Q11: =N11*'대시보드_및_설정'!$G$7+(FV((1+'대시보드_및_설정'!$G$7)^(1/12)-1,12,-$C11*'대시보드_및_설정'!$F$7,0,1)-O11) | R11: =(N11*P11+O11*P11*13/24)*(1-'대시보드_및_설정'!$C$10) | S11: =R11*'대시보드_및_설정'!$C$9 | T11: =R11-S11 | U11: =N11+O11+Q11+S11 | V11: =AC10 | W11: =$D11*'대시보드_및_설정'!$F$8 | X11: ='대시보드_및_설정'!$H$8*((1+'대시보드_및_설정'!$I$8)/(1+'대시보드_및_설정'!$G$8))^($A11-1) | Y11: =V11*'대시보드_및_설정'!$G$8+(FV((1+'대시보드_및_설정'!$G$8)^(1/12)-1,12,-$C11*'대시보드_및_설정'!$F$8,0,1)-W11) | Z11: =(V11*X11+W11*X11*13/24)*(1-'대시보드_및_설정'!$C$10) | AA11: =Z11*'대시보드_및_설정'!$C$9 | AB11: =Z11-AA11 | AC11: =V11+W11+Y11+AA11 | AD11: =AK10 | AE11: =$D11*'대시보드_및_설정'!$F$9 | AF11: ='대시보드_및_설정'!$H$9*((1+'대시보드_및_설정'!$I$9)/(1+'대시보드_및_설정'!$G$9))^($A11-1) | AG11: =AD11*'대시보드_및_설정'!$G$9+(FV((1+'대시보드_및_설정'!$G$9)^(1/12)-1,12,-$C11*'대시보드_및_설정'!$F$9,0,1)-AE11) | AH11: =(AD11*AF11+AE11*AF11*13/24)*(1-'대시보드_및_설정'!$C$10) | AI11: =AH11*'대시보드_및_설정'!$C$9 | AJ11: =AH11-AI11 | AK11: =AD11+AE11+AG11+AI11 | AL11: =F11+N11+V11+AD11 | AM11: =G11+O11+W11+AE11 | AN11: =I11+Q11+Y11+AG11 | AO11: =J11+R11+Z11+AH11 | AP11: =K11+S11+AA11+AI11 | AQ11: =L11+T11+AB11+AJ11 | AR11: =AR10+AP11 | AS11: =AS10+AQ11 | AT11: =M11+U11+AC11+AK11 | AU11: =AO11/12 | AV11: =IFERROR((AT11+AS11)/E11-1,0)
A12: 7 | B12: ='대시보드_및_설정'!$C$11+A12 | C12: ='대시보드_및_설정'!$C$7*(1+'대시보드_및_설정'!$C$8)^(A12-1) | D12: =C12*12 | E12: =E11+D12 | F12: =M11 | G12: =$D12*'대시보드_및_설정'!$F$6 | H12: ='대시보드_및_설정'!$H$6*((1+'대시보드_및_설정'!$I$6)/(1+'대시보드_및_설정'!$G$6))^($A12-1) | I12: =F12*'대시보드_및_설정'!$G$6+(FV((1+'대시보드_및_설정'!$G$6)^(1/12)-1,12,-$C12*'대시보드_및_설정'!$F$6,0,1)-G12) | J12: =(F12*H12+G12*H12*13/24)*(1-'대시보드_및_설정'!$C$10) | K12: =J12*'대시보드_및_설정'!$C$9 | L12: =J12-K12 | M12: =F12+G12+I12+K12 | N12: =U11 | O12: =$D12*'대시보드_및_설정'!$F$7 | P12: ='대시보드_및_설정'!$H$7*((1+'대시보드_및_설정'!$I$7)/(1+'대시보드_및_설정'!$G$7))^($A12-1) | Q12: =N12*'대시보드_및_설정'!$G$7+(FV((1+'대시보드_및_설정'!$G$7)^(1/12)-1,12,-$C12*'대시보드_및_설정'!$F$7,0,1)-O12) | R12: =(N12*P12+O12*P12*13/24)*(1-'대시보드_및_설정'!$C$10) | S12: =R12*'대시보드_및_설정'!$C$9 | T12: =R12-S12 | U12: =N12+O12+Q12+S12 | V12: =AC11 | W12: =$D12*'대시보드_및_설정'!$F$8 | X12: ='대시보드_및_설정'!$H$8*((1+'대시보드_및_설정'!$I$8)/(1+'대시보드_및_설정'!$G$8))^($A12-1) | Y12: =V12*'대시보드_및_설정'!$G$8+(FV((1+'대시보드_및_설정'!$G$8)^(1/12)-1,12,-$C12*'대시보드_및_설정'!$F$8,0,1)-W12) | Z12: =(V12*X12+W12*X12*13/24)*(1-'대시보드_및_설정'!$C$10) | AA12: =Z12*'대시보드_및_설정'!$C$9 | AB12: =Z12-AA12 | AC12: =V12+W12+Y12+AA12 | AD12: =AK11 | AE12: =$D12*'대시보드_및_설정'!$F$9 | AF12: ='대시보드_및_설정'!$H$9*((1+'대시보드_및_설정'!$I$9)/(1+'대시보드_및_설정'!$G$9))^($A12-1) | AG12: =AD12*'대시보드_및_설정'!$G$9+(FV((1+'대시보드_및_설정'!$G$9)^(1/12)-1,12,-$C12*'대시보드_및_설정'!$F$9,0,1)-AE12) | AH12: =(AD12*AF12+AE12*AF12*13/24)*(1-'대시보드_및_설정'!$C$10) | AI12: =AH12*'대시보드_및_설정'!$C$9 | AJ12: =AH12-AI12 | AK12: =AD12+AE12+AG12+AI12 | AL12: =F12+N12+V12+AD12 | AM12: =G12+O12+W12+AE12 | AN12: =I12+Q12+Y12+AG12 | AO12: =J12+R12+Z12+AH12 | AP12: =K12+S12+AA12+AI12 | AQ12: =L12+T12+AB12+AJ12 | AR12: =AR11+AP12 | AS12: =AS11+AQ12 | AT12: =M12+U12+AC12+AK12 | AU12: =AO12/12 | AV12: =IFERROR((AT12+AS12)/E12-1,0)
A13: 8 | B13: ='대시보드_및_설정'!$C$11+A13 | C13: ='대시보드_및_설정'!$C$7*(1+'대시보드_및_설정'!$C$8)^(A13-1) | D13: =C13*12 | E13: =E12+D13 | F13: =M12 | G13: =$D13*'대시보드_및_설정'!$F$6 | H13: ='대시보드_및_설정'!$H$6*((1+'대시보드_및_설정'!$I$6)/(1+'대시보드_및_설정'!$G$6))^($A13-1) | I13: =F13*'대시보드_및_설정'!$G$6+(FV((1+'대시보드_및_설정'!$G$6)^(1/12)-1,12,-$C13*'대시보드_및_설정'!$F$6,0,1)-G13) | J13: =(F13*H13+G13*H13*13/24)*(1-'대시보드_및_설정'!$C$10) | K13: =J13*'대시보드_및_설정'!$C$9 | L13: =J13-K13 | M13: =F13+G13+I13+K13 | N13: =U12 | O13: =$D13*'대시보드_및_설정'!$F$7 | P13: ='대시보드_및_설정'!$H$7*((1+'대시보드_및_설정'!$I$7)/(1+'대시보드_및_설정'!$G$7))^($A13-1) | Q13: =N13*'대시보드_및_설정'!$G$7+(FV((1+'대시보드_및_설정'!$G$7)^(1/12)-1,12,-$C13*'대시보드_및_설정'!$F$7,0,1)-O13) | R13: =(N13*P13+O13*P13*13/24)*(1-'대시보드_및_설정'!$C$10) | S13: =R13*'대시보드_및_설정'!$C$9 | T13: =R13-S13 | U13: =N13+O13+Q13+S13 | V13: =AC12 | W13: =$D13*'대시보드_및_설정'!$F$8 | X13: ='대시보드_및_설정'!$H$8*((1+'대시보드_및_설정'!$I$8)/(1+'대시보드_및_설정'!$G$8))^($A13-1) | Y13: =V13*'대시보드_및_설정'!$G$8+(FV((1+'대시보드_및_설정'!$G$8)^(1/12)-1,12,-$C13*'대시보드_및_설정'!$F$8,0,1)-W13) | Z13: =(V13*X13+W13*X13*13/24)*(1-'대시보드_및_설정'!$C$10) | AA13: =Z13*'대시보드_및_설정'!$C$9 | AB13: =Z13-AA13 | AC13: =V13+W13+Y13+AA13 | AD13: =AK12 | AE13: =$D13*'대시보드_및_설정'!$F$9 | AF13: ='대시보드_및_설정'!$H$9*((1+'대시보드_및_설정'!$I$9)/(1+'대시보드_및_설정'!$G$9))^($A13-1) | AG13: =AD13*'대시보드_및_설정'!$G$9+(FV((1+'대시보드_및_설정'!$G$9)^(1/12)-1,12,-$C13*'대시보드_및_설정'!$F$9,0,1)-AE13) | AH13: =(AD13*AF13+AE13*AF13*13/24)*(1-'대시보드_및_설정'!$C$10) | AI13: =AH13*'대시보드_및_설정'!$C$9 | AJ13: =AH13-AI13 | AK13: =AD13+AE13+AG13+AI13 | AL13: =F13+N13+V13+AD13 | AM13: =G13+O13+W13+AE13 | AN13: =I13+Q13+Y13+AG13 | AO13: =J13+R13+Z13+AH13 | AP13: =K13+S13+AA13+AI13 | AQ13: =L13+T13+AB13+AJ13 | AR13: =AR12+AP13 | AS13: =AS12+AQ13 | AT13: =M13+U13+AC13+AK13 | AU13: =AO13/12 | AV13: =IFERROR((AT13+AS13)/E13-1,0)
A14: 9 | B14: ='대시보드_및_설정'!$C$11+A14 | C14: ='대시보드_및_설정'!$C$7*(1+'대시보드_및_설정'!$C$8)^(A14-1) | D14: =C14*12 | E14: =E13+D14 | F14: =M13 | G14: =$D14*'대시보드_및_설정'!$F$6 | H14: ='대시보드_및_설정'!$H$6*((1+'대시보드_및_설정'!$I$6)/(1+'대시보드_및_설정'!$G$6))^($A14-1) | I14: =F14*'대시보드_및_설정'!$G$6+(FV((1+'대시보드_및_설정'!$G$6)^(1/12)-1,12,-$C14*'대시보드_및_설정'!$F$6,0,1)-G14) | J14: =(F14*H14+G14*H14*13/24)*(1-'대시보드_및_설정'!$C$10) | K14: =J14*'대시보드_및_설정'!$C$9 | L14: =J14-K14 | M14: =F14+G14+I14+K14 | N14: =U13 | O14: =$D14*'대시보드_및_설정'!$F$7 | P14: ='대시보드_및_설정'!$H$7*((1+'대시보드_및_설정'!$I$7)/(1+'대시보드_및_설정'!$G$7))^($A14-1) | Q14: =N14*'대시보드_및_설정'!$G$7+(FV((1+'대시보드_및_설정'!$G$7)^(1/12)-1,12,-$C14*'대시보드_및_설정'!$F$7,0,1)-O14) | R14: =(N14*P14+O14*P14*13/24)*(1-'대시보드_및_설정'!$C$10) | S14: =R14*'대시보드_및_설정'!$C$9 | T14: =R14-S14 | U14: =N14+O14+Q14+S14 | V14: =AC13 | W14: =$D14*'대시보드_및_설정'!$F$8 | X14: ='대시보드_및_설정'!$H$8*((1+'대시보드_및_설정'!$I$8)/(1+'대시보드_및_설정'!$G$8))^($A14-1) | Y14: =V14*'대시보드_및_설정'!$G$8+(FV((1+'대시보드_및_설정'!$G$8)^(1/12)-1,12,-$C14*'대시보드_및_설정'!$F$8,0,1)-W14) | Z14: =(V14*X14+W14*X14*13/24)*(1-'대시보드_및_설정'!$C$10) | AA14: =Z14*'대시보드_및_설정'!$C$9 | AB14: =Z14-AA14 | AC14: =V14+W14+Y14+AA14 | AD14: =AK13 | AE14: =$D14*'대시보드_및_설정'!$F$9 | AF14: ='대시보드_및_설정'!$H$9*((1+'대시보드_및_설정'!$I$9)/(1+'대시보드_및_설정'!$G$9))^($A14-1) | AG14: =AD14*'대시보드_및_설정'!$G$9+(FV((1+'대시보드_및_설정'!$G$9)^(1/12)-1,12,-$C14*'대시보드_및_설정'!$F$9,0,1)-AE14) | AH14: =(AD14*AF14+AE14*AF14*13/24)*(1-'대시보드_및_설정'!$C$10) | AI14: =AH14*'대시보드_및_설정'!$C$9 | AJ14: =AH14-AI14 | AK14: =AD14+AE14+AG14+AI14 | AL14: =F14+N14+V14+AD14 | AM14: =G14+O14+W14+AE14 | AN14: =I14+Q14+Y14+AG14 | AO14: =J14+R14+Z14+AH14 | AP14: =K14+S14+AA14+AI14 | AQ14: =L14+T14+AB14+AJ14 | AR14: =AR13+AP14 | AS14: =AS13+AQ14 | AT14: =M14+U14+AC14+AK14 | AU14: =AO14/12 | AV14: =IFERROR((AT14+AS14)/E14-1,0)
A15: 10 | B15: ='대시보드_및_설정'!$C$11+A15 | C15: ='대시보드_및_설정'!$C$7*(1+'대시보드_및_설정'!$C$8)^(A15-1) | D15: =C15*12 | E15: =E14+D15 | F15: =M14 | G15: =$D15*'대시보드_및_설정'!$F$6 | H15: ='대시보드_및_설정'!$H$6*((1+'대시보드_및_설정'!$I$6)/(1+'대시보드_및_설정'!$G$6))^($A15-1) | I15: =F15*'대시보드_및_설정'!$G$6+(FV((1+'대시보드_및_설정'!$G$6)^(1/12)-1,12,-$C15*'대시보드_및_설정'!$F$6,0,1)-G15) | J15: =(F15*H15+G15*H15*13/24)*(1-'대시보드_및_설정'!$C$10) | K15: =J15*'대시보드_및_설정'!$C$9 | L15: =J15-K15 | M15: =F15+G15+I15+K15 | N15: =U14 | O15: =$D15*'대시보드_및_설정'!$F$7 | P15: ='대시보드_및_설정'!$H$7*((1+'대시보드_및_설정'!$I$7)/(1+'대시보드_및_설정'!$G$7))^($A15-1) | Q15: =N15*'대시보드_및_설정'!$G$7+(FV((1+'대시보드_및_설정'!$G$7)^(1/12)-1,12,-$C15*'대시보드_및_설정'!$F$7,0,1)-O15) | R15: =(N15*P15+O15*P15*13/24)*(1-'대시보드_및_설정'!$C$10) | S15: =R15*'대시보드_및_설정'!$C$9 | T15: =R15-S15 | U15: =N15+O15+Q15+S15 | V15: =AC14 | W15: =$D15*'대시보드_및_설정'!$F$8 | X15: ='대시보드_및_설정'!$H$8*((1+'대시보드_및_설정'!$I$8)/(1+'대시보드_및_설정'!$G$8))^($A15-1) | Y15: =V15*'대시보드_및_설정'!$G$8+(FV((1+'대시보드_및_설정'!$G$8)^(1/12)-1,12,-$C15*'대시보드_및_설정'!$F$8,0,1)-W15) | Z15: =(V15*X15+W15*X15*13/24)*(1-'대시보드_및_설정'!$C$10) | AA15: =Z15*'대시보드_및_설정'!$C$9 | AB15: =Z15-AA15 | AC15: =V15+W15+Y15+AA15 | AD15: =AK14 | AE15: =$D15*'대시보드_및_설정'!$F$9 | AF15: ='대시보드_및_설정'!$H$9*((1+'대시보드_및_설정'!$I$9)/(1+'대시보드_및_설정'!$G$9))^($A15-1) | AG15: =AD15*'대시보드_및_설정'!$G$9+(FV((1+'대시보드_및_설정'!$G$9)^(1/12)-1,12,-$C15*'대시보드_및_설정'!$F$9,0,1)-AE15) | AH15: =(AD15*AF15+AE15*AF15*13/24)*(1-'대시보드_및_설정'!$C$10) | AI15: =AH15*'대시보드_및_설정'!$C$9 | AJ15: =AH15-AI15 | AK15: =AD15+AE15+AG15+AI15 | AL15: =F15+N15+V15+AD15 | AM15: =G15+O15+W15+AE15 | AN15: =I15+Q15+Y15+AG15 | AO15: =J15+R15+Z15+AH15 | AP15: =K15+S15+AA15+AI15 | AQ15: =L15+T15+AB15+AJ15 | AR15: =AR14+AP15 | AS15: =AS14+AQ15 | AT15: =M15+U15+AC15+AK15 | AU15: =AO15/12 | AV15: =IFERROR((AT15+AS15)/E15-1,0)
A16: 11 | B16: ='대시보드_및_설정'!$C$11+A16 | C16: ='대시보드_및_설정'!$C$7*(1+'대시보드_및_설정'!$C$8)^(A16-1) | D16: =C16*12 | E16: =E15+D16 | F16: =M15 | G16: =$D16*'대시보드_및_설정'!$F$6 | H16: ='대시보드_및_설정'!$H$6*((1+'대시보드_및_설정'!$I$6)/(1+'대시보드_및_설정'!$G$6))^($A16-1) | I16: =F16*'대시보드_및_설정'!$G$6+(FV((1+'대시보드_및_설정'!$G$6)^(1/12)-1,12,-$C16*'대시보드_및_설정'!$F$6,0,1)-G16) | J16: =(F16*H16+G16*H16*13/24)*(1-'대시보드_및_설정'!$C$10) | K16: =J16*'대시보드_및_설정'!$C$9 | L16: =J16-K16 | M16: =F16+G16+I16+K16 | N16: =U15 | O16: =$D16*'대시보드_및_설정'!$F$7 | P16: ='대시보드_및_설정'!$H$7*((1+'대시보드_및_설정'!$I$7)/(1+'대시보드_및_설정'!$G$7))^($A16-1) | Q16: =N16*'대시보드_및_설정'!$G$7+(FV((1+'대시보드_및_설정'!$G$7)^(1/12)-1,12,-$C16*'대시보드_및_설정'!$F$7,0,1)-O16) | R16: =(N16*P16+O16*P16*13/24)*(1-'대시보드_및_설정'!$C$10) | S16: =R16*'대시보드_및_설정'!$C$9 | T16: =R16-S16 | U16: =N16+O16+Q16+S16 | V16: =AC15 | W16: =$D16*'대시보드_및_설정'!$F$8 | X16: ='대시보드_및_설정'!$H$8*((1+'대시보드_및_설정'!$I$8)/(1+'대시보드_및_설정'!$G$8))^($A16-1) | Y16: =V16*'대시보드_및_설정'!$G$8+(FV((1+'대시보드_및_설정'!$G$8)^(1/12)-1,12,-$C16*'대시보드_및_설정'!$F$8,0,1)-W16) | Z16: =(V16*X16+W16*X16*13/24)*(1-'대시보드_및_설정'!$C$10) | AA16: =Z16*'대시보드_및_설정'!$C$9 | AB16: =Z16-AA16 | AC16: =V16+W16+Y16+AA16 | AD16: =AK15 | AE16: =$D16*'대시보드_및_설정'!$F$9 | AF16: ='대시보드_및_설정'!$H$9*((1+'대시보드_및_설정'!$I$9)/(1+'대시보드_및_설정'!$G$9))^($A16-1) | AG16: =AD16*'대시보드_및_설정'!$G$9+(FV((1+'대시보드_및_설정'!$G$9)^(1/12)-1,12,-$C16*'대시보드_및_설정'!$F$9,0,1)-AE16) | AH16: =(AD16*AF16+AE16*AF16*13/24)*(1-'대시보드_및_설정'!$C$10) | AI16: =AH16*'대시보드_및_설정'!$C$9 | AJ16: =AH16-AI16 | AK16: =AD16+AE16+AG16+AI16 | AL16: =F16+N16+V16+AD16 | AM16: =G16+O16+W16+AE16 | AN16: =I16+Q16+Y16+AG16 | AO16: =J16+R16+Z16+AH16 | AP16: =K16+S16+AA16+AI16 | AQ16: =L16+T16+AB16+AJ16 | AR16: =AR15+AP16 | AS16: =AS15+AQ16 | AT16: =M16+U16+AC16+AK16 | AU16: =AO16/12 | AV16: =IFERROR((AT16+AS16)/E16-1,0)
A17: 12 | B17: ='대시보드_및_설정'!$C$11+A17 | C17: ='대시보드_및_설정'!$C$7*(1+'대시보드_및_설정'!$C$8)^(A17-1) | D17: =C17*12 | E17: =E16+D17 | F17: =M16 | G17: =$D17*'대시보드_및_설정'!$F$6 | H17: ='대시보드_및_설정'!$H$6*((1+'대시보드_및_설정'!$I$6)/(1+'대시보드_및_설정'!$G$6))^($A17-1) | I17: =F17*'대시보드_및_설정'!$G$6+(FV((1+'대시보드_및_설정'!$G$6)^(1/12)-1,12,-$C17*'대시보드_및_설정'!$F$6,0,1)-G17) | J17: =(F17*H17+G17*H17*13/24)*(1-'대시보드_및_설정'!$C$10) | K17: =J17*'대시보드_및_설정'!$C$9 | L17: =J17-K17 | M17: =F17+G17+I17+K17 | N17: =U16 | O17: =$D17*'대시보드_및_설정'!$F$7 | P17: ='대시보드_및_설정'!$H$7*((1+'대시보드_및_설정'!$I$7)/(1+'대시보드_및_설정'!$G$7))^($A17-1) | Q17: =N17*'대시보드_및_설정'!$G$7+(FV((1+'대시보드_및_설정'!$G$7)^(1/12)-1,12,-$C17*'대시보드_및_설정'!$F$7,0,1)-O17) | R17: =(N17*P17+O17*P17*13/24)*(1-'대시보드_및_설정'!$C$10) | S17: =R17*'대시보드_및_설정'!$C$9 | T17: =R17-S17 | U17: =N17+O17+Q17+S17 | V17: =AC16 | W17: =$D17*'대시보드_및_설정'!$F$8 | X17: ='대시보드_및_설정'!$H$8*((1+'대시보드_및_설정'!$I$8)/(1+'대시보드_및_설정'!$G$8))^($A17-1) | Y17: =V17*'대시보드_및_설정'!$G$8+(FV((1+'대시보드_및_설정'!$G$8)^(1/12)-1,12,-$C17*'대시보드_및_설정'!$F$8,0,1)-W17) | Z17: =(V17*X17+W17*X17*13/24)*(1-'대시보드_및_설정'!$C$10) | AA17: =Z17*'대시보드_및_설정'!$C$9 | AB17: =Z17-AA17 | AC17: =V17+W17+Y17+AA17 | AD17: =AK16 | AE17: =$D17*'대시보드_및_설정'!$F$9 | AF17: ='대시보드_및_설정'!$H$9*((1+'대시보드_및_설정'!$I$9)/(1+'대시보드_및_설정'!$G$9))^($A17-1) | AG17: =AD17*'대시보드_및_설정'!$G$9+(FV((1+'대시보드_및_설정'!$G$9)^(1/12)-1,12,-$C17*'대시보드_및_설정'!$F$9,0,1)-AE17) | AH17: =(AD17*AF17+AE17*AF17*13/24)*(1-'대시보드_및_설정'!$C$10) | AI17: =AH17*'대시보드_및_설정'!$C$9 | AJ17: =AH17-AI17 | AK17: =AD17+AE17+AG17+AI17 | AL17: =F17+N17+V17+AD17 | AM17: =G17+O17+W17+AE17 | AN17: =I17+Q17+Y17+AG17 | AO17: =J17+R17+Z17+AH17 | AP17: =K17+S17+AA17+AI17 | AQ17: =L17+T17+AB17+AJ17 | AR17: =AR16+AP17 | AS17: =AS16+AQ17 | AT17: =M17+U17+AC17+AK17 | AU17: =AO17/12 | AV17: =IFERROR((AT17+AS17)/E17-1,0)
A18: 13 | B18: ='대시보드_및_설정'!$C$11+A18 | C18: ='대시보드_및_설정'!$C$7*(1+'대시보드_및_설정'!$C$8)^(A18-1) | D18: =C18*12 | E18: =E17+D18 | F18: =M17 | G18: =$D18*'대시보드_및_설정'!$F$6 | H18: ='대시보드_및_설정'!$H$6*((1+'대시보드_및_설정'!$I$6)/(1+'대시보드_및_설정'!$G$6))^($A18-1) | I18: =F18*'대시보드_및_설정'!$G$6+(FV((1+'대시보드_및_설정'!$G$6)^(1/12)-1,12,-$C18*'대시보드_및_설정'!$F$6,0,1)-G18) | J18: =(F18*H18+G18*H18*13/24)*(1-'대시보드_및_설정'!$C$10) | K18: =J18*'대시보드_및_설정'!$C$9 | L18: =J18-K18 | M18: =F18+G18+I18+K18 | N18: =U17 | O18: =$D18*'대시보드_및_설정'!$F$7 | P18: ='대시보드_및_설정'!$H$7*((1+'대시보드_및_설정'!$I$7)/(1+'대시보드_및_설정'!$G$7))^($A18-1) | Q18: =N18*'대시보드_및_설정'!$G$7+(FV((1+'대시보드_및_설정'!$G$7)^(1/12)-1,12,-$C18*'대시보드_및_설정'!$F$7,0,1)-O18) | R18: =(N18*P18+O18*P18*13/24)*(1-'대시보드_및_설정'!$C$10) | S18: =R18*'대시보드_및_설정'!$C$9 | T18: =R18-S18 | U18: =N18+O18+Q18+S18 | V18: =AC17 | W18: =$D18*'대시보드_및_설정'!$F$8 | X18: ='대시보드_및_설정'!$H$8*((1+'대시보드_및_설정'!$I$8)/(1+'대시보드_및_설정'!$G$8))^($A18-1) | Y18: =V18*'대시보드_및_설정'!$G$8+(FV((1+'대시보드_및_설정'!$G$8)^(1/12)-1,12,-$C18*'대시보드_및_설정'!$F$8,0,1)-W18) | Z18: =(V18*X18+W18*X18*13/24)*(1-'대시보드_및_설정'!$C$10) | AA18: =Z18*'대시보드_및_설정'!$C$9 | AB18: =Z18-AA18 | AC18: =V18+W18+Y18+AA18 | AD18: =AK17 | AE18: =$D18*'대시보드_및_설정'!$F$9 | AF18: ='대시보드_및_설정'!$H$9*((1+'대시보드_및_설정'!$I$9)/(1+'대시보드_및_설정'!$G$9))^($A18-1) | AG18: =AD18*'대시보드_및_설정'!$G$9+(FV((1+'대시보드_및_설정'!$G$9)^(1/12)-1,12,-$C18*'대시보드_및_설정'!$F$9,0,1)-AE18) | AH18: =(AD18*AF18+AE18*AF18*13/24)*(1-'대시보드_및_설정'!$C$10) | AI18: =AH18*'대시보드_및_설정'!$C$9 | AJ18: =AH18-AI18 | AK18: =AD18+AE18+AG18+AI18 | AL18: =F18+N18+V18+AD18 | AM18: =G18+O18+W18+AE18 | AN18: =I18+Q18+Y18+AG18 | AO18: =J18+R18+Z18+AH18 | AP18: =K18+S18+AA18+AI18 | AQ18: =L18+T18+AB18+AJ18 | AR18: =AR17+AP18 | AS18: =AS17+AQ18 | AT18: =M18+U18+AC18+AK18 | AU18: =AO18/12 | AV18: =IFERROR((AT18+AS18)/E18-1,0)
... A55: 50 | B55: ='대시보드_및_설정'!$C$11+A55 | C55: ='대시보드_및_설정'!$C$7*(1+'대시보드_및_설정'!$C$8)^(A55-1) | D55: =C55*12 | E55: =E54+D55 | F55: =M54 | G55: =$D55*'대시보드_및_설정'!$F$6 | H55: ='대시보드_및_설정'!$H$6*((1+'대시보드_및_설정'!$I$6)/(1+'대시보드_및_설정'!$G$6))^($A55-1) | I55: =F55*'대시보드_및_설정'!$G$6+(FV((1+'대시보드_및_설정'!$G$6)^(1/12)-1,12,-$C55*'대시보드_및_설정'!$F$6,0,1)-G55) | J55: =(F55*H55+G55*H55*13/24)*(1-'대시보드_및_설정'!$C$10) | K55: =J55*'대시보드_및_설정'!$C$9 | L55: =J55-K55 | M55: =F55+G55+I55+K55 | N55: =U54 | O55: =$D55*'대시보드_및_설정'!$F$7 | P55: ='대시보드_및_설정'!$H$7*((1+'대시보드_및_설정'!$I$7)/(1+'대시보드_및_설정'!$G$7))^($A55-1) | Q55: =N55*'대시보드_및_설정'!$G$7+(FV((1+'대시보드_및_설정'!$G$7)^(1/12)-1,12,-$C55*'대시보드_및_설정'!$F$7,0,1)-O55) | R55: =(N55*P55+O55*P55*13/24)*(1-'대시보드_및_설정'!$C$10) | S55: =R55*'대시보드_및_설정'!$C$9 | T55: =R55-S55 | U55: =N55+O55+Q55+S55 | V55: =AC54 | W55: =$D55*'대시보드_및_설정'!$F$8 | X55: ='대시보드_및_설정'!$H$8*((1+'대시보드_및_설정'!$I$8)/(1+'대시보드_및_설정'!$G$8))^($A55-1) | Y55: =V55*'대시보드_및_설정'!$G$8+(FV((1+'대시보드_및_설정'!$G$8)^(1/12)-1,12,-$C55*'대시보드_및_설정'!$F$8,0,1)-W55) | Z55: =(V55*X55+W55*X55*13/24)*(1-'대시보드_및_설정'!$C$10) | AA55: =Z55*'대시보드_및_설정'!$C$9 | AB55: =Z55-AA55 | AC55: =V55+W55+Y55+AA55 | AD55: =AK54 | AE55: =$D55*'대시보드_및_설정'!$F$9 | AF55: ='대시보드_및_설정'!$H$9*((1+'대시보드_및_설정'!$I$9)/(1+'대시보드_및_설정'!$G$9))^($A55-1) | AG55: =AD55*'대시보드_및_설정'!$G$9+(FV((1+'대시보드_및_설정'!$G$9)^(1/12)-1,12,-$C55*'대시보드_및_설정'!$F$9,0,1)-AE55) | AH55: =(AD55*AF55+AE55*AF55*13/24)*(1-'대시보드_및_설정'!$C$10) | AI55: =AH55*'대시보드_및_설정'!$C$9 | AJ55: =AH55-AI55 | AK55: =AD55+AE55+AG55+AI55 | AL55: =F55+N55+V55+AD55 | AM55: =G55+O55+W55+AE55 | AN55: =I55+Q55+Y55+AG55 | AO55: =J55+R55+Z55+AH55 | AP55: =K55+S55+AA55+AI55 | AQ55: =L55+T55+AB55+AJ55 | AR55: =AR54+AP55 | AS55: =AS54+AQ55 | AT55: =M55+U55+AC55+AK55 | AU55: =AO55/12 | AV55: =IFERROR((AT55+AS55)/E55-1,0)

Sheet 은퇴후_현금흐름_및_고갈시점
A1: 은퇴 후 현금흐름 및 자산 고갈 시점
B3: 자산 고갈 예상 시점 | C3: =IFERROR("은퇴 후 "&MATCH("고갈",$S$13:$S$72,0)&"년 차 (만 "&INDEX($C$13:$C$72,MATCH("고갈",$S$13:$S$72,0))&"세)에 자산 고갈","영구 지속 (자본 잠식 없음)") | H3: 종목 | I3: 은퇴 시점 평가액 | J3: 자산 비중 | K3: 배당률(고정) | L3: 주가성장률 (할인 반영)
B4: 자본 잠식 여부 | C4: =IF(COUNTIF($S$13:$S$72,"고갈")>0,"⚠️ 생활비 인출로 자산 고갈 발생",IF($P$72>=$C$6,"✅ 60년 뒤에도 명목 자산이 은퇴 시점 이상 (원금 보존)","ℹ️ 60년 내 고갈은 없지만 자산은 줄어드는 추세")) | H4: QQQ | I4: =INDEX('연차별_자산성장_시뮬레이션'!$M$6:$M$55,'대시보드_및_설정'!$C$14) | J4: =IFERROR(I4/$I$8,0) | K4: ='대시보드_및_설정'!$H$6*((1+'대시보드_및_설정'!$I$6)/(1+'대시보드_및_설정'!$G$6))^'대시보드_및_설정'!$C$14 | L4: ='대시보드_및_설정'!$G$6-'대시보드_및_설정'!$C$17
B5: 은퇴 시점 | C5: ="투자 "&'대시보드_및_설정'!$C$14&"년 차 말 (만 "&'대시보드_및_설정'!$C$20&"세)" | H5: VOO | I5: =INDEX('연차별_자산성장_시뮬레이션'!$U$6:$U$55,'대시보드_및_설정'!$C$14) | J5: =IFERROR(I5/$I$8,0) | K5: ='대시보드_및_설정'!$H$7*((1+'대시보드_및_설정'!$I$7)/(1+'대시보드_및_설정'!$G$7))^'대시보드_및_설정'!$C$14 | L5: ='대시보드_및_설정'!$G$7-'대시보드_및_설정'!$C$17
B6: 시작 자산 (은퇴 시점 기말 총자산) | C6: =INDEX('연차별_자산성장_시뮬레이션'!$AT$6:$AT$55,'대시보드_및_설정'!$C$14) | H6: SCHD | I6: =INDEX('연차별_자산성장_시뮬레이션'!$AC$6:$AC$55,'대시보드_및_설정'!$C$14) | J6: =IFERROR(I6/$I$8,0) | K6: ='대시보드_및_설정'!$H$8*((1+'대시보드_및_설정'!$I$8)/(1+'대시보드_및_설정'!$G$8))^'대시보드_및_설정'!$C$14 | L6: ='대시보드_및_설정'!$G$8-'대시보드_및_설정'!$C$17
B7: 시작 취득원가 (누적 원금 + 누적 재투자) | C7: =INDEX('연차별_자산성장_시뮬레이션'!$E$6:$E$55,'대시보드_및_설정'!$C$14)+INDEX('연차별_자산성장_시뮬레이션'!$AR$6:$AR$55,'대시보드_및_설정'!$C$14) | H7: QLD | I7: =INDEX('연차별_자산성장_시뮬레이션'!$AK$6:$AK$55,'대시보드_및_설정'!$C$14) | J7: =IFERROR(I7/$I$8,0) | K7: ='대시보드_및_설정'!$H$9*((1+'대시보드_및_설정'!$I$9)/(1+'대시보드_및_설정'!$G$9))^'대시보드_및_설정'!$C$14 | L7: ='대시보드_및_설정'!$G$9-'대시보드_및_설정'!$C$17
B8: 은퇴 후 가중평균 주가성장률 | C8: =L8 | H8: 합계 / 가중평균 | I8: =SUM(I4:I7) | J8: =SUM(J4:J7) | K8: =SUMPRODUCT($J$4:$J$7,K4:K7) | L8: =SUMPRODUCT($J$4:$J$7,L4:L7)
B9: 은퇴 후 가중평균 배당률 (세전) | C9: =K8 | H9: ※ 비중은 은퇴 시점의 실제 평가액 기준이며, 배당률은 은퇴 첫해 값으로 고정합니다.
B10: 은퇴 후 세후 배당수익률 | C10: =C9*(1-'대시보드_및_설정'!$C$10) | H10: ※ 생활비는 매년 초 인출: 세후 배당을 먼저 쓰고, 모자라면 양도세(기본공제 반영)까지 낼 만큼 매도합니다. 남는 배당은 재투자합니다. 붉은 글씨 행 = 생활비를 다 채우지 못한 고갈 구간
A12: 은퇴 후 연차 | B12: 투자 연차 | C12: 나이(연말) | D12: 기초 자산 | E12: 기초 취득원가 | F12: 미실현 이익 비율 | G12: 연간 생활비 (물가 반영) | H12: 매도액(양도세 없다고 가정) | I12: 실제 매도액 (세전) | J12: 양도소득세 | K12: 매도 후 자산 | L12: 세후 배당금 | M12: 생활비 충당액 | N12: 남은 배당 재투자 | O12: 운용 수익 (주가 상승) | P12: 기말 자산 | Q12: 기말 취득원가 | R12: 부족액(미충당) | S12: 상태 | T12: 기말 자산 (현재 가치)
A13: 1 | B13: ='대시보드_및_설정'!$C$14+A13 | C13: ='대시보드_및_설정'!$C$11+B13 | D13: =$C$6 | E13: =$C$7 | F13: =IF(D13>0,MAX(0,1-E13/D13),0) | G13: ='대시보드_및_설정'!$C$15*12*(1+'대시보드_및_설정'!$C$16)^(B13-1) | H13: =(G13-D13*$C$10)/(1-$C$10) | I13: =IF(D13<=0,0,MIN(D13,MAX(0,IF(H13*F13<='대시보드_및_설정'!$C$19,H13,(G13-D13*$C$10-'대시보드_및_설정'!$C$18*'대시보드_및_설정'!$C$19)/(1-'대시보드_및_설정'!$C$18*F13-$C$10))))) | J13: =MAX(0,I13*F13-'대시보드_및_설정'!$C$19)*'대시보드_및_설정'!$C$18 | K13: =D13-I13 | L13: =K13*$C$10 | M13: =MIN(G13,I13-J13+L13) | N13: =MAX(0,I13-J13+L13-G13) | O13: =K13*$C$8 | P13: =K13+O13+N13 | Q13: =IF(D13>0,E13*(1-I13/D13),0)+N13 | R13: =MAX(0,G13-M13) | S13: =IF(R13>1,"고갈","정상") | T13: =P13/(1+'대시보드_및_설정'!$C$16)^B13
A14: 2 | B14: ='대시보드_및_설정'!$C$14+A14 | C14: ='대시보드_및_설정'!$C$11+B14 | D14: =MAX(0,P13) | E14: =Q13 | F14: =IF(D14>0,MAX(0,1-E14/D14),0) | G14: ='대시보드_및_설정'!$C$15*12*(1+'대시보드_및_설정'!$C$16)^(B14-1) | H14: =(G14-D14*$C$10)/(1-$C$10) | I14: =IF(D14<=0,0,MIN(D14,MAX(0,IF(H14*F14<='대시보드_및_설정'!$C$19,H14,(G14-D14*$C$10-'대시보드_및_설정'!$C$18*'대시보드_및_설정'!$C$19)/(1-'대시보드_및_설정'!$C$18*F14-$C$10))))) | J14: =MAX(0,I14*F14-'대시보드_및_설정'!$C$19)*'대시보드_및_설정'!$C$18 | K14: =D14-I14 | L14: =K14*$C$10 | M14: =MIN(G14,I14-J14+L14) | N14: =MAX(0,I14-J14+L14-G14) | O14: =K14*$C$8 | P14: =K14+O14+N14 | Q14: =IF(D14>0,E14*(1-I14/D14),0)+N14 | R14: =MAX(0,G14-M14) | S14: =IF(R14>1,"고갈","정상") | T14: =P14/(1+'대시보드_및_설정'!$C$16)^B14
A15: 3 | B15: ='대시보드_및_설정'!$C$14+A15 | C15: ='대시보드_및_설정'!$C$11+B15 | D15: =MAX(0,P14) | E15: =Q14 | F15: =IF(D15>0,MAX(0,1-E15/D15),0) | G15: ='대시보드_및_설정'!$C$15*12*(1+'대시보드_및_설정'!$C$16)^(B15-1) | H15: =(G15-D15*$C$10)/(1-$C$10) | I15: =IF(D15<=0,0,MIN(D15,MAX(0,IF(H15*F15<='대시보드_및_설정'!$C$19,H15,(G15-D15*$C$10-'대시보드_및_설정'!$C$18*'대시보드_및_설정'!$C$19)/(1-'대시보드_및_설정'!$C$18*F15-$C$10))))) | J15: =MAX(0,I15*F15-'대시보드_및_설정'!$C$19)*'대시보드_및_설정'!$C$18 | K15: =D15-I15 | L15: =K15*$C$10 | M15: =MIN(G15,I15-J15+L15) | N15: =MAX(0,I15-J15+L15-G15) | O15: =K15*$C$8 | P15: =K15+O15+N15 | Q15: =IF(D15>0,E15*(1-I15/D15),0)+N15 | R15: =MAX(0,G15-M15) | S15: =IF(R15>1,"고갈","정상") | T15: =P15/(1+'대시보드_및_설정'!$C$16)^B15
A16: 4 | B16: ='대시보드_및_설정'!$C$14+A16 | C16: ='대시보드_및_설정'!$C$11+B16 | D16: =MAX(0,P15) | E16: =Q15 | F16: =IF(D16>0,MAX(0,1-E16/D16),0) | G16: ='대시보드_및_설정'!$C$15*12*(1+'대시보드_및_설정'!$C$16)^(B16-1) | H16: =(G16-D16*$C$10)/(1-$C$10) | I16: =IF(D16<=0,0,MIN(D16,MAX(0,IF(H16*F16<='대시보드_및_설정'!$C$19,H16,(G16-D16*$C$10-'대시보드_및_설정'!$C$18*'대시보드_및_설정'!$C$19)/(1-'대시보드_및_설정'!$C$18*F16-$C$10))))) | J16: =MAX(0,I16*F16-'대시보드_및_설정'!$C$19)*'대시보드_및_설정'!$C$18 | K16: =D16-I16 | L16: =K16*$C$10 | M16: =MIN(G16,I16-J16+L16) | N16: =MAX(0,I16-J16+L16-G16) | O16: =K16*$C$8 | P16: =K16+O16+N16 | Q16: =IF(D16>0,E16*(1-I16/D16),0)+N16 | R16: =MAX(0,G16-M16) | S16: =IF(R16>1,"고갈","정상") | T16: =P16/(1+'대시보드_및_설정'!$C$16)^B16
A17: 5 | B17: ='대시보드_및_설정'!$C$14+A17 | C17: ='대시보드_및_설정'!$C$11+B17 | D17: =MAX(0,P16) | E17: =Q16 | F17: =IF(D17>0,MAX(0,1-E17/D17),0) | G17: ='대시보드_및_설정'!$C$15*12*(1+'대시보드_및_설정'!$C$16)^(B17-1) | H17: =(G17-D17*$C$10)/(1-$C$10) | I17: =IF(D17<=0,0,MIN(D17,MAX(0,IF(H17*F17<='대시보드_및_설정'!$C$19,H17,(G17-D17*$C$10-'대시보드_및_설정'!$C$18*'대시보드_및_설정'!$C$19)/(1-'대시보드_및_설정'!$C$18*F17-$C$10))))) | J17: =MAX(0,I17*F17-'대시보드_및_설정'!$C$19)*'대시보드_및_설정'!$C$18 | K17: =D17-I17 | L17: =K17*$C$10 | M17: =MIN(G17,I17-J17+L17) | N17: =MAX(0,I17-J17+L17-G17) | O17: =K17*$C$8 | P17: =K17+O17+N17 | Q17: =IF(D17>0,E17*(1-I17/D17),0)+N17 | R17: =MAX(0,G17-M17) | S17: =IF(R17>1,"고갈","정상") | T17: =P17/(1+'대시보드_및_설정'!$C$16)^B17
A18: 6 | B18: ='대시보드_및_설정'!$C$14+A18 | C18: ='대시보드_및_설정'!$C$11+B18 | D18: =MAX(0,P17) | E18: =Q17 | F18: =IF(D18>0,MAX(0,1-E18/D18),0) | G18: ='대시보드_및_설정'!$C$15*12*(1+'대시보드_및_설정'!$C$16)^(B18-1) | H18: =(G18-D18*$C$10)/(1-$C$10) | I18: =IF(D18<=0,0,MIN(D18,MAX(0,IF(H18*F18<='대시보드_및_설정'!$C$19,H18,(G18-D18*$C$10-'대시보드_및_설정'!$C$18*'대시보드_및_설정'!$C$19)/(1-'대시보드_및_설정'!$C$18*F18-$C$10))))) | J18: =MAX(0,I18*F18-'대시보드_및_설정'!$C$19)*'대시보드_및_설정'!$C$18 | K18: =D18-I18 | L18: =K18*$C$10 | M18: =MIN(G18,I18-J18+L18) | N18: =MAX(0,I18-J18+L18-G18) | O18: =K18*$C$8 | P18: =K18+O18+N18 | Q18: =IF(D18>0,E18*(1-I18/D18),0)+N18 | R18: =MAX(0,G18-M18) | S18: =IF(R18>1,"고갈","정상") | T18: =P18/(1+'대시보드_및_설정'!$C$16)^B18
A19: 7 | B19: ='대시보드_및_설정'!$C$14+A19 | C19: ='대시보드_및_설정'!$C$11+B19 | D19: =MAX(0,P18) | E19: =Q18 | F19: =IF(D19>0,MAX(0,1-E19/D19),0) | G19: ='대시보드_및_설정'!$C$15*12*(1+'대시보드_및_설정'!$C$16)^(B19-1) | H19: =(G19-D19*$C$10)/(1-$C$10) | I19: =IF(D19<=0,0,MIN(D19,MAX(0,IF(H19*F19<='대시보드_및_설정'!$C$19,H19,(G19-D19*$C$10-'대시보드_및_설정'!$C$18*'대시보드_및_설정'!$C$19)/(1-'대시보드_및_설정'!$C$18*F19-$C$10))))) | J19: =MAX(0,I19*F19-'대시보드_및_설정'!$C$19)*'대시보드_및_설정'!$C$18 | K19: =D19-I19 | L19: =K19*$C$10 | M19: =MIN(G19,I19-J19+L19) | N19: =MAX(0,I19-J19+L19-G19) | O19: =K19*$C$8 | P19: =K19+O19+N19 | Q19: =IF(D19>0,E19*(1-I19/D19),0)+N19 | R19: =MAX(0,G19-M19) | S19: =IF(R19>1,"고갈","정상") | T19: =P19/(1+'대시보드_및_설정'!$C$16)^B19
A20: 8 | B20: ='대시보드_및_설정'!$C$14+A20 | C20: ='대시보드_및_설정'!$C$11+B20 | D20: =MAX(0,P19) | E20: =Q19 | F20: =IF(D20>0,MAX(0,1-E20/D20),0) | G20: ='대시보드_및_설정'!$C$15*12*(1+'대시보드_및_설정'!$C$16)^(B20-1) | H20: =(G20-D20*$C$10)/(1-$C$10) | I20: =IF(D20<=0,0,MIN(D20,MAX(0,IF(H20*F20<='대시보드_및_설정'!$C$19,H20,(G20-D20*$C$10-'대시보드_및_설정'!$C$18*'대시보드_및_설정'!$C$19)/(1-'대시보드_및_설정'!$C$18*F20-$C$10))))) | J20: =MAX(0,I20*F20-'대시보드_및_설정'!$C$19)*'대시보드_및_설정'!$C$18 | K20: =D20-I20 | L20: =K20*$C$10 | M20: =MIN(G20,I20-J20+L20) | N20: =MAX(0,I20-J20+L20-G20) | O20: =K20*$C$8 | P20: =K20+O20+N20 | Q20: =IF(D20>0,E20*(1-I20/D20),0)+N20 | R20: =MAX(0,G20-M20) | S20: =IF(R20>1,"고갈","정상") | T20: =P20/(1+'대시보드_및_설정'!$C$16)^B20
A21: 9 | B21: ='대시보드_및_설정'!$C$14+A21 | C21: ='대시보드_및_설정'!$C$11+B21 | D21: =MAX(0,P20) | E21: =Q20 | F21: =IF(D21>0,MAX(0,1-E21/D21),0) | G21: ='대시보드_및_설정'!$C$15*12*(1+'대시보드_및_설정'!$C$16)^(B21-1) | H21: =(G21-D21*$C$10)/(1-$C$10) | I21: =IF(D21<=0,0,MIN(D21,MAX(0,IF(H21*F21<='대시보드_및_설정'!$C$19,H21,(G21-D21*$C$10-'대시보드_및_설정'!$C$18*'대시보드_및_설정'!$C$19)/(1-'대시보드_및_설정'!$C$18*F21-$C$10))))) | J21: =MAX(0,I21*F21-'대시보드_및_설정'!$C$19)*'대시보드_및_설정'!$C$18 | K21: =D21-I21 | L21: =K21*$C$10 | M21: =MIN(G21,I21-J21+L21) | N21: =MAX(0,I21-J21+L21-G21) | O21: =K21*$C$8 | P21: =K21+O21+N21 | Q21: =IF(D21>0,E21*(1-I21/D21),0)+N21 | R21: =MAX(0,G21-M21) | S21: =IF(R21>1,"고갈","정상") | T21: =P21/(1+'대시보드_및_설정'!$C$16)^B21
A22: 10 | B22: ='대시보드_및_설정'!$C$14+A22 | C22: ='대시보드_및_설정'!$C$11+B22 | D22: =MAX(0,P21) | E22: =Q21 | F22: =IF(D22>0,MAX(0,1-E22/D22),0) | G22: ='대시보드_및_설정'!$C$15*12*(1+'대시보드_및_설정'!$C$16)^(B22-1) | H22: =(G22-D22*$C$10)/(1-$C$10) | I22: =IF(D22<=0,0,MIN(D22,MAX(0,IF(H22*F22<='대시보드_및_설정'!$C$19,H22,(G22-D22*$C$10-'대시보드_및_설정'!$C$18*'대시보드_및_설정'!$C$19)/(1-'대시보드_및_설정'!$C$18*F22-$C$10))))) | J22: =MAX(0,I22*F22-'대시보드_및_설정'!$C$19)*'대시보드_및_설정'!$C$18 | K22: =D22-I22 | L22: =K22*$C$10 | M22: =MIN(G22,I22-J22+L22) | N22: =MAX(0,I22-J22+L22-G22) | O22: =K22*$C$8 | P22: =K22+O22+N22 | Q22: =IF(D22>0,E22*(1-I22/D22),0)+N22 | R22: =MAX(0,G22-M22) | S22: =IF(R22>1,"고갈","정상") | T22: =P22/(1+'대시보드_및_설정'!$C$16)^B22
A23: 11 | B23: ='대시보드_및_설정'!$C$14+A23 | C23: ='대시보드_및_설정'!$C$11+B23 | D23: =MAX(0,P22) | E23: =Q22 | F23: =IF(D23>0,MAX(0,1-E23/D23),0) | G23: ='대시보드_및_설정'!$C$15*12*(1+'대시보드_및_설정'!$C$16)^(B23-1) | H23: =(G23-D23*$C$10)/(1-$C$10) | I23: =IF(D23<=0,0,MIN(D23,MAX(0,IF(H23*F23<='대시보드_및_설정'!$C$19,H23,(G23-D23*$C$10-'대시보드_및_설정'!$C$18*'대시보드_및_설정'!$C$19)/(1-'대시보드_및_설정'!$C$18*F23-$C$10))))) | J23: =MAX(0,I23*F23-'대시보드_및_설정'!$C$19)*'대시보드_및_설정'!$C$18 | K23: =D23-I23 | L23: =K23*$C$10 | M23: =MIN(G23,I23-J23+L23) | N23: =MAX(0,I23-J23+L23-G23) | O23: =K23*$C$8 | P23: =K23+O23+N23 | Q23: =IF(D23>0,E23*(1-I23/D23),0)+N23 | R23: =MAX(0,G23-M23) | S23: =IF(R23>1,"고갈","정상") | T23: =P23/(1+'대시보드_및_설정'!$C$16)^B23
A24: 12 | B24: ='대시보드_및_설정'!$C$14+A24 | C24: ='대시보드_및_설정'!$C$11+B24 | D24: =MAX(0,P23) | E24: =Q23 | F24: =IF(D24>0,MAX(0,1-E24/D24),0) | G24: ='대시보드_및_설정'!$C$15*12*(1+'대시보드_및_설정'!$C$16)^(B24-1) | H24: =(G24-D24*$C$10)/(1-$C$10) | I24: =IF(D24<=0,0,MIN(D24,MAX(0,IF(H24*F24<='대시보드_및_설정'!$C$19,H24,(G24-D24*$C$10-'대시보드_및_설정'!$C$18*'대시보드_및_설정'!$C$19)/(1-'대시보드_및_설정'!$C$18*F24-$C$10))))) | J24: =MAX(0,I24*F24-'대시보드_및_설정'!$C$19)*'대시보드_및_설정'!$C$18 | K24: =D24-I24 | L24: =K24*$C$10 | M24: =MIN(G24,I24-J24+L24) | N24: =MAX(0,I24-J24+L24-G24) | O24: =K24*$C$8 | P24: =K24+O24+N24 | Q24: =IF(D24>0,E24*(1-I24/D24),0)+N24 | R24: =MAX(0,G24-M24) | S24: =IF(R24>1,"고갈","정상") | T24: =P24/(1+'대시보드_및_설정'!$C$16)^B24
A25: 13 | B25: ='대시보드_및_설정'!$C$14+A25 | C25: ='대시보드_및_설정'!$C$11+B25 | D25: =MAX(0,P24) | E25: =Q24 | F25: =IF(D25>0,MAX(0,1-E25/D25),0) | G25: ='대시보드_및_설정'!$C$15*12*(1+'대시보드_및_설정'!$C$16)^(B25-1) | H25: =(G25-D25*$C$10)/(1-$C$10) | I25: =IF(D25<=0,0,MIN(D25,MAX(0,IF(H25*F25<='대시보드_및_설정'!$C$19,H25,(G25-D25*$C$10-'대시보드_및_설정'!$C$18*'대시보드_및_설정'!$C$19)/(1-'대시보드_및_설정'!$C$18*F25-$C$10))))) | J25: =MAX(0,I25*F25-'대시보드_및_설정'!$C$19)*'대시보드_및_설정'!$C$18 | K25: =D25-I25 | L25: =K25*$C$10 | M25: =MIN(G25,I25-J25+L25) | N25: =MAX(0,I25-J25+L25-G25) | O25: =K25*$C$8 | P25: =K25+O25+N25 | Q25: =IF(D25>0,E25*(1-I25/D25),0)+N25 | R25: =MAX(0,G25-M25) | S25: =IF(R25>1,"고갈","정상") | T25: =P25/(1+'대시보드_및_설정'!$C$16)^B25
... A72: 60 | B72: ='대시보드_및_설정'!$C$14+A72 | C72: ='대시보드_및_설정'!$C$11+B72 | D72: =MAX(0,P71) | E72: =Q71 | F72: =IF(D72>0,MAX(0,1-E72/D72),0) | G72: ='대시보드_및_설정'!$C$15*12*(1+'대시보드_및_설정'!$C$16)^(B72-1) | H72: =(G72-D72*$C$10)/(1-$C$10) | I72: =IF(D72<=0,0,MIN(D72,MAX(0,IF(H72*F72<='대시보드_및_설정'!$C$19,H72,(G72-D72*$C$10-'대시보드_및_설정'!$C$18*'대시보드_및_설정'!$C$19)/(1-'대시보드_및_설정'!$C$18*F72-$C$10))))) | J72: =MAX(0,I72*F72-'대시보드_및_설정'!$C$19)*'대시보드_및_설정'!$C$18 | K72: =D72-I72 | L72: =K72*$C$10 | M72: =MIN(G72,I72-J72+L72) | N72: =MAX(0,I72-J72+L72-G72) | O72: =K72*$C$8 | P72: =K72+O72+N72 | Q72: =IF(D72>0,E72*(1-I72/D72),0)+N72 | R72: =MAX(0,G72-M72) | S72: =IF(R72>1,"고갈","정상") | T72: =P72/(1+'대시보드_및_설정'!$C$16)^B72
